Code.Class,Name,Accession,COH.24,COH.25,COH.30,COH.27,COH.32,COH.28,COH.23,COH.31,COH.4,COH.7,COH.8,COH.16,COH.6,COH.1,COH.15,COH.17,COH.14,COH.11,COH.21,COH.10,COH.20,COH.13,COH.2,COH.22,COH.5,COH.3,COH.19
Endogenous,ABCB1,NM_000927.3,190,273,383,2786,232,478,36,75,132,71,78,43,285,25,30,213,19,39,98,45,75,14,32,30,62,81,59
Endogenous,ACTA2,NM_001613.1,2285,2592,10753,2305,6204,3137,2453,7904,4607,4247,3480,11301,10246,4530,6132,7626,2841,905,1654,4899,1045,2759,2413,5247,2587,8545,4423
Endogenous,ACTBL2,NM_001017992.2,22,122,239,226,121,213,19,24,8,44,36,15,5,24,11,11,9,4,8,27,13,16,8,13,19,18,13
Endogenous,AEBP1,NM_001129.3,2733,6901,6723,4152,12686,1293,5942,11314,8489,12650,7336,5738,3875,8286,13410,6902,6272,1549,1768,20807,3268,9884,6668,2349,3414,1369,6203
Endogenous,AGPAT9,NM_032717.3,38,111,109,156,42,215,78,36,18,22,14,14,16,29,15,16,9,15,25,21,18,10,27,22,14,10,18
Endogenous,AKAP12,NM_005100.3,346,274,754,250,1004,696,85,226,218,231,250,338,93,137,248,366,118,51,95,254,298,142,189,118,202,297,132
Endogenous,AKT1,NM_001014432.1,1105,1171,2331,1981,1101,4021,5372,2009,2068,2285,697,1957,1350,815,1424,767,1433,1372,684,1584,1060,740,1916,1351,557,1105,1279
Endogenous,ALDH1A1,NM_000689.3,137,170,438,280,676,282,39,151,39,98,421,85,204,75,29,229,129,34,181,141,116,58,328,40,186,476,276
Endogenous,ALDH1A2,NM_003888.2,15,73,103,67,66,102,9,86,87,64,21,19,17,11,24,39,10,24,38,25,314,43,36,22,32,52,34
Endogenous,ALDH1A3,NM_000693.3,174,600,3153,1791,2497,3222,166,560,160,687,891,376,150,694,100,275,150,165,206,766,390,177,228,109,199,2043,793
Endogenous,ALDH3A2,NM_001031806.1,438,209,1058,517,2435,2169,460,476,824,470,180,807,552,206,214,266,299,271,120,342,394,227,1728,839,165,1826,794
Endogenous,ALDH3B2,NM_000695.3,1588,207,226,360,1448,556,529,281,426,95,653,552,5,181,22,25,2545,480,39,413,11,38,1989,3,64,339,295
Endogenous,ALOXE3,NM_001165960.1,13,63,48,198,430,82,33,14,10,13,9,10,9,9,10,14,7,10,6,12,36,27,47,8,8,15,12
Endogenous,ANKH,NM_054027.4,193,2079,585,718,467,447,451,421,1226,882,216,274,472,1021,132,259,122,200,78,368,807,323,351,1787,135,1151,233
Endogenous,ANPEP,NM_001150.1,215,900,1382,513,1349,565,247,433,864,317,205,330,489,546,873,287,66,181,280,495,166,503,133,390,193,228,1605
Endogenous,APAF1,NM_181869.1,550,363,726,393,516,630,349,187,666,343,164,326,437,197,287,334,87,321,133,314,458,241,240,542,253,1536,1272
Endogenous,APBB1,NM_001164.2,374,245,712,296,321,1023,81,152,376,220,137,222,138,119,225,102,70,86,132,203,163,108,80,243,133,520,665
Endogenous,AQP5,NM_001651.3,95,118,110,73,209,122,189,25,3,425,4,109,6,58,18,6,4,7,7,9,7,6,6,5,11,411,8
Endogenous,ARC,NM_015193.3,8,57,97,102,31,149,25,19,75,146,9,44,9,32,32,9,7,18,3,14,39,23,31,16,7,51,34
Endogenous,ARHGAP33,NM_052948.2,123,72,399,168,138,461,734,94,270,131,55,179,121,84,96,55,44,89,31,92,70,41,113,101,54,226,145
Endogenous,ATF3,NM_001674.2,64,198,429,889,327,550,344,204,357,390,761,296,347,182,329,340,260,233,141,465,194,91,569,238,127,605,529
Endogenous,ATP2B4,NM_001684.3,759,410,1201,1268,1373,1861,820,582,555,729,400,575,723,565,490,462,333,324,589,788,406,545,696,653,355,1107,402
Endogenous,AXL,NM_021913.2,521,497,1866,751,1398,1151,1106,703,981,991,589,469,2355,673,559,1582,499,330,710,1794,896,625,558,2511,725,797,571
Endogenous,BAD,NM_004322.3,285,227,437,411,312,419,557,270,561,293,176,202,293,146,176,156,156,246,236,260,153,147,200,245,109,207,320
Endogenous,BAG3,NM_004281.3,348,309,1029,641,1363,991,696,486,373,899,267,924,1050,578,520,663,247,264,171,606,647,450,1603,882,267,1251,527
Endogenous,BCL2L11,NM_138621.4,199,133,335,290,167,511,669,82,392,188,135,227,195,127,143,130,89,312,98,178,115,137,202,135,95,215,487
Endogenous,BEX1,NM_018476.3,81,133,750,233,233,1119,342,75,151,118,36,101,8,55,68,35,29,214,16,80,108,33,100,43,31,4945,26
Endogenous,BGN,NM_001711.3,2751,3273,6662,2028,3640,2243,2352,6792,6143,16359,3032,3772,3291,3142,7512,5039,1926,949,3267,10552,10338,8680,2904,4204,2750,1654,2460
Endogenous,BHLHA15,NM_177455.3,96,118,172,144,36,146,94,60,14,45,68,22,7,58,18,12,18,37,64,52,18,27,28,8,56,22,93
Endogenous,BIRC3,NM_182962.2,3411,388,452,344,720,161,543,285,53,506,897,220,351,1533,136,365,222,1510,952,337,80,233,198,92,274,491,644
Endogenous,BMP6,NM_001718.2,113,167,338,250,117,2795,12,44,75,152,63,198,17,42,90,39,12,32,104,75,19,28,58,18,42,42,73
Endogenous,BOLA3,NM_001035505.1,102,98,329,222,201,357,271,186,112,118,120,185,167,185,142,140,89,180,170,97,119,100,100,180,50,617,218
Endogenous,BRCA1,NM_007305.2,160,165,696,600,181,1550,1393,73,598,194,39,271,275,18,157,124,69,26,69,77,142,92,233,227,75,950,714
Endogenous,BRCA2,NM_000059.3,157,43,329,319,137,392,301,121,460,238,28,245,178,138,81,106,59,198,121,94,83,54,199,249,70,590,1245
Endogenous,BST2,NM_004335.2,3798,1391,2777,2642,1411,4403,2300,1350,345,1618,3110,2354,7923,7031,1180,6711,2439,3331,6928,2862,1066,2541,2904,6707,3100,1144,11117
Endogenous,C12orf39,NR_135187.1,34,101,134,158,72,170,160,20,85,143,23,20,6,21,21,10,269,10,17,17,44,11,14,8,15,32,59
Endogenous,C1R,NM_001733.4,1604,1920,7317,1908,19420,1547,3024,2647,1210,3241,3803,3298,8417,8715,3052,6747,1246,2334,2189,5518,4360,5653,4185,3396,4790,2678,5644
Endogenous,C1S,NM_001734.2,2135,1297,3739,940,10318,532,2154,1681,561,2066,2622,1965,3430,6891,3081,3545,787,1359,2405,4023,2330,3422,3639,1719,2475,516,5053
Endogenous,C8orf84,NM_153225.3,59,208,2326,1305,183,303,46,111,2072,537,61,718,30,667,316,74,117,14,48,26,11,48,720,3059,66,211,817
Endogenous,CA6,NM_001215.3,6,15,11,54,125,83,8,15,2,87,4,53,3,786,8,6,6,6,2,12,11,8,7,2,2,215,6
Endogenous,CA9,NM_001216.2,43,112,388,198,80,263,47,42,39,55,5,273,208,83,376,17,20,91,31,15,112,285,65,837,19,28,197
Endogenous,CACYBP,NM_014412.2,502,436,1855,2773,754,6845,1965,580,3986,655,337,1495,711,826,829,513,486,1553,208,392,887,390,910,772,246,2120,1978
Endogenous,CALML5,NM_017422.4,1194,1014,487,2443,2728,6773,1127,186,370,85,8,2168,3,359,182,7,60,302,6,593,7,2,29,4,12,81,491
Endogenous,CAPN5,NM_004055.4,57,86,188,245,196,109,39,48,56,82,80,79,72,71,92,82,38,37,56,95,117,50,57,73,42,140,132
Endogenous,CCL2,NM_002982.3,579,225,866,601,1226,963,584,262,192,144,229,223,3429,941,1089,1947,114,350,470,700,888,248,423,262,1130,346,1453
Endogenous,CCL20,NM_004591.1,80,113,109,253,41,191,118,66,22,87,437,73,26,84,414,32,40,42,52,72,38,65,112,28,17,21,166
Endogenous,CCL26,NM_006072.4,31,115,271,234,118,804,21,39,15,19,14,22,24,20,79,18,7,8,76,29,40,55,56,27,28,20,22
Endogenous,CD24,NM_013230.2,70641,105521,20562,206624,15735,34948,205421,9712,26635,7289,4798,35835,1471,25972,7311,758,7206,13002,194,2458,296,163,3835,236,1097,7923,11222
Endogenous,CD248,NM_020404.2,208,200,475,383,1965,310,129,408,266,512,383,442,150,171,2125,571,132,67,504,599,2117,391,162,157,179,241,314
Endogenous,CD44,NM_001001392.1,5149,2219,85443,3535,9836,6574,5293,4507,1422,3659,1989,3275,10189,5961,6116,4793,2377,7555,6765,4547,2051,6714,6044,9953,2500,9476,5102
Endogenous,CDC20,NM_001255.2,271,224,2967,3607,344,4505,1522,586,1232,632,59,1898,1090,552,743,530,188,2187,349,149,385,343,512,1241,97,1449,2434
Endogenous,CDH1,NM_004360.2,1148,606,2173,5161,3597,5624,2619,1134,1492,682,1291,2002,55,1140,536,174,1484,2609,93,944,34,35,2822,486,253,3199,5097
Endogenous,CDH11,NM_001797.2,869,1235,2572,1108,2862,562,1086,1297,2620,3024,1446,2298,2118,1212,1661,2018,782,290,563,3672,5496,1632,3062,2386,1098,1860,1098
Endogenous,CDH2,NM_001792.3,96,33,162,183,118,333,3379,83,639,267,61,199,483,178,186,454,57,58,65,115,206,167,324,51,104,1624,1315
Endogenous,CDK19,NM_015076.3,686,439,857,450,469,1718,1258,340,1411,801,203,805,342,723,373,202,151,418,129,444,272,213,549,296,172,2344,891
Endogenous,CDRT1,NM_006382.3,15,75,123,216,70,142,16,24,9,18,14,10,8,8,29,18,70,104,5,18,9,14,102,15,8,20,22
Endogenous,CEACAM1,NM_001712.3,122,314,80,80,91,326,682,193,527,206,161,70,53,333,51,35,37,54,23,47,41,31,55,194,25,196,106
Endogenous,CELF2,NM_001025076.2,3655,1034,2293,672,1989,1250,792,630,527,774,832,573,751,517,338,664,283,436,1592,1068,511,530,438,461,859,461,677
Endogenous,CFH,NM_001014975.2,826,536,1562,963,5194,586,337,389,371,1216,459,656,4302,718,1165,1618,254,95,645,1104,3168,687,589,2886,761,937,585
Endogenous,CHAC1,NM_024111.3,15,97,125,123,47,126,37,29,24,35,9,31,5,7,19,15,16,5,6,8,11,3,24,9,8,43,20
Endogenous,CITED1,NM_004143.3,17,52,72,88,61,138,5,12,13,11,25,16,6,7,10,9,23,6,3,9,17,4,103,11,11,42,11
Endogenous,COL1A1,NM_000088.3,5578,19856,30194,15856,52952,7477,19233,40242,32204,46642,51275,33533,9159,20639,115028,71105,28181,5456,13654,141307,112758,75482,27314,13271,47674,7415,18623
Endogenous,COL1A2,NM_000089.3,5458,13566,35849,11163,42092,6394,12760,32212,17944,33396,34219,22316,22899,15052,68950,49565,14398,2916,14712,81782,101656,49166,19485,16569,43926,3685,15312
Endogenous,COL3A1,NM_000090.3,6717,11101,45292,12074,70597,5837,11948,28624,15514,32460,37451,32843,10913,18280,92799,73151,12712,3365,7585,79617,80659,53468,20339,19455,37993,8939,17619
Endogenous,COL5A1,NM_000093.3,1571,2012,9881,3924,15664,2893,5111,5054,11599,5814,4971,7266,11398,4774,14540,16987,2590,953,1086,17629,13168,16096,7795,19583,8345,2470,6100
Endogenous,COL5A2,NM_000393.3,734,1884,1672,1416,3523,764,1790,3610,665,2943,2910,3273,1911,2508,7080,6317,1783,408,823,9555,7631,5404,2279,4339,3284,1781,2002
Endogenous,COL6A2,NM_001849.2,2907,6281,11964,4933,25439,11360,4416,8956,15295,9851,6947,7762,22599,5587,43067,14215,3768,5295,5553,17040,30509,15488,5451,30224,10313,4304,5256
Endogenous,CRELD2,NM_024324.4,571,389,1440,822,812,3629,304,473,984,807,248,437,636,1015,906,467,442,559,688,543,698,595,345,708,297,732,532
Endogenous,CRIP2,NM_001270837.1,919,736,1340,1361,1240,3565,1773,1202,1879,1984,670,991,1522,689,785,743,1264,380,648,601,768,555,870,1755,396,707,1871
Endogenous,CRISPLD2,NM_031476.3,146,494,1438,452,2498,339,207,578,174,759,620,491,183,293,1109,622,283,123,236,862,416,514,311,168,279,168,398
Endogenous,CRTAM,NM_019604.2,116,18,59,23,34,97,15,27,6,26,47,33,81,23,21,42,24,17,48,43,33,32,54,37,50,24,39
Endogenous,CRYAB,NM_001885.1,189,4821,8832,11304,1674,14312,1019,3374,2682,12729,319,4352,77,3541,1718,276,463,554,276,2465,222,2685,257,621,206,17593,2736
Endogenous,CTGF,NM_001901.2,429,4772,5708,1079,4431,2776,3649,4575,12014,30799,8771,10053,1291,7695,7925,6430,2127,2014,614,11926,3398,2703,3312,5664,2544,4411,2837
Endogenous,CXCL11,NM_005409.4,133,276,116,312,198,158,200,216,23,58,98,141,891,452,41,273,129,234,183,123,32,36,148,215,73,242,1541
Endogenous,CXCL2,NM_002089.3,369,156,566,391,964,915,3175,506,189,333,1774,491,1503,419,1893,2175,317,162,330,524,503,851,197,533,519,169,547
Endogenous,CXCL3,NM_002090.2,37,84,198,243,154,216,292,78,91,51,190,68,829,122,1461,891,13,53,27,70,162,187,87,240,67,64,138
Endogenous,CXCL5,NM_002994.3,27,60,98,164,33,142,509,26,8,19,947,104,34,97,2743,70,6,10,37,29,34,176,38,15,17,16,30
Endogenous,CXCL6,NM_002993.3,7,61,86,88,20,78,406,17,3,6,10,18,11,9,1547,89,2,7,19,12,39,105,16,26,19,10,18
Endogenous,CXCR7,NM_020311.1,107,211,357,291,2759,293,130,145,172,265,226,168,152,131,1077,533,90,69,335,446,392,222,541,125,221,122,162
Endogenous,CYB5R2,NM_016229.3,17,100,312,225,224,301,344,129,254,52,51,260,118,143,114,85,18,314,15,129,94,73,85,152,91,178,90
Endogenous,DCLK1,NM_004734.4,249,142,221,262,672,199,64,64,256,63,89,117,85,35,53,75,20,94,103,87,522,95,129,126,43,49,374
Endogenous,DCN,NM_001920.3,1617,2861,10816,3299,47147,2817,1331,3405,814,6732,6682,5217,551,4690,16287,9667,2899,533,4946,10773,11045,8803,6447,604,5205,1027,3028
Endogenous,DDIT3,NM_004083.4,260,227,606,626,430,1748,1347,256,2157,1088,202,455,446,317,1131,257,286,340,118,310,308,360,1774,916,142,3808,633
Endogenous,DGCR5,NR_045121.1,27,59,97,90,27,210,168,9,177,61,8,4,25,31,15,23,6,36,11,28,38,11,181,32,6,354,12
Endogenous,DHRS9,NM_005771.4,71,49,68,133,98,62,29,36,10,37,84,28,20,17,19,32,28,16,114,68,30,40,117,23,56,22,43
Endogenous,DIO3,NM_001362.3,51,98,107,92,85,83,36,57,39,48,39,38,37,47,51,48,43,34,36,58,66,64,70,41,62,54,57
Endogenous,DIRAS3,NM_004675.2,16,145,157,227,136,238,16,45,19,35,18,47,25,7,28,15,21,4,8,60,96,10,24,21,19,94,110
Endogenous,DKK1,NM_012242.2,71,77,59,111,140,154,706,18,60,41,26,62,108,9,14,912,87,209,13,33,24,10,64,402,9,454,14
Endogenous,DLEU1,NR_002605.1,172,295,502,449,268,429,118,158,250,167,32,119,243,102,107,106,101,126,61,78,156,67,145,277,76,689,560
Endogenous,DNAJA1,NM_001539.2,692,299,1880,1765,615,1066,2143,578,1382,796,353,977,975,548,457,910,293,879,317,338,742,249,751,705,247,1741,2456
Endogenous,DNAJA4,NM_001130182.1,493,323,409,680,596,1723,420,295,1127,760,112,554,374,582,321,149,220,426,183,335,100,80,861,311,150,991,607
Endogenous,DNAJB1,NM_006145.2,837,445,3020,1209,2211,2087,5125,599,1042,953,490,1095,1857,673,654,624,499,732,563,675,1502,470,2215,1627,331,1965,1959
Endogenous,DNAJB4,NM_007034.3,279,274,687,507,406,971,890,210,496,459,259,466,461,256,483,403,116,275,78,269,613,320,1155,232,212,625,494
Endogenous,DPY19L1,NM_015283.1,253,338,499,496,406,581,460,224,439,451,126,287,533,208,256,382,74,197,267,404,365,331,447,236,257,731,526
Endogenous,DSCAM,NM_001389.3,12,130,146,183,40,301,13,7,83,7,5,21,8,7,10,10,5,6,2,23,24,5,10,80,4,16,5
Endogenous,DUSP5,NM_004419.3,1419,552,716,353,640,1513,291,605,157,781,754,676,636,478,1022,856,707,247,549,743,670,381,619,666,510,577,895
Endogenous,DUSP8,NM_004420.2,79,230,276,346,112,476,60,83,51,48,25,73,22,29,49,22,17,83,16,40,26,27,41,24,25,52,105
Endogenous,EDN2,NM_001956.3,31,101,215,211,256,654,217,301,165,474,31,389,136,77,416,9,210,66,22,81,25,80,122,92,17,19,196
Endogenous,EEF1A2,NM_001958.2,16,56,464,57,69,299,27,11,9,16,15,46,11,12,17,16,208,8,20,12,17,30,193,15,18,279,50
Endogenous,EFEMP1,NM_004105.3,190,484,3395,208,3181,536,1115,347,1629,2410,586,404,5112,826,49,1703,255,339,672,1033,609,495,306,1244,339,1571,478
Endogenous,EFHD1,NM_025202.3,757,509,2974,5438,1460,3637,197,491,559,691,108,1048,77,488,263,75,1938,2130,41,62,60,41,53,195,84,230,1026
Endogenous,EFS,NM_032459.1,318,265,470,1134,812,1171,532,498,2743,724,122,1387,319,641,403,210,179,306,29,312,653,174,1240,533,140,3259,806
Endogenous,EGFR,NM_201282.1,138,288,486,521,1869,1221,471,156,1575,326,165,463,1239,365,291,434,116,286,110,480,611,671,2401,651,242,1153,482
Endogenous,EGR1,NM_001964.2,453,588,2628,272,415,514,2565,600,575,1414,2202,730,869,345,213,459,273,288,437,2372,752,614,640,1882,489,1818,419
Endogenous,EIF2AK2,NM_001135652.2,560,377,1163,991,869,1695,1299,358,356,535,314,1063,703,635,861,776,259,532,224,382,437,348,751,618,293,3446,2297
Endogenous,ELF3,NM_001114309.1,388,1308,7687,7733,2205,23512,6085,1625,675,1850,3405,2198,28,1691,1790,50,1470,2268,26,346,29,24,4806,14,359,1099,7744
Endogenous,ELF5,NM_001422.2,70,791,7275,1943,153,5218,394,1040,115,425,16,594,7,906,41,9,47,2074,9,24,12,14,16,7,26,2058,323
Endogenous,ENPP1,NM_006208.1,924,274,247,341,332,135,228,194,1879,818,100,212,41,399,141,82,270,90,31,212,607,85,97,39,44,485,126
Endogenous,EPGN,NM_001013442.1,40,137,182,336,184,157,76,39,24,25,19,28,15,14,18,14,29,13,9,34,70,150,223,56,17,28,23
Endogenous,EPHA4,NM_004438.3,346,279,361,817,620,285,145,171,479,250,137,250,187,157,40,167,37,26,125,221,244,44,779,409,119,667,440
Endogenous,EPSTI1,NM_001002264.2,282,119,154,226,136,132,102,151,23,85,144,100,487,205,210,418,107,100,46,201,57,183,116,204,129,138,973
Endogenous,ERBB2,NM_001005862.1,740,762,2071,2150,1015,4246,2915,1035,675,1020,449,626,245,305,241,164,557,993,134,494,260,171,339,316,194,577,1081
Endogenous,ERBB3,NM_001005915.1,325,275,946,756,645,2444,3822,227,244,377,196,378,13,213,88,21,182,203,22,72,15,15,157,7,42,1318,680
Endogenous,ETV1,NM_004956.4,63,182,226,215,138,260,51,72,101,221,44,163,43,127,189,83,52,28,43,119,274,97,115,183,70,698,103
Endogenous,EXTL1,NM_004455.2,11,53,22,49,18,12,8,72,8,434,4,25,8,31,8,6,4,4,6,3,10,7,7,8,4,328,11
Endogenous,F2R,NM_001992.2,126,210,578,384,501,304,125,331,157,271,139,176,148,82,87,270,125,101,240,459,174,226,189,487,153,126,120
Endogenous,FAM131B,NM_001031690.2,69,92,109,188,38,251,17,24,16,25,11,20,35,10,24,27,4,14,8,53,43,22,10,104,27,36,32
Endogenous,FAM25A,NM_001146157.2,51,332,246,1640,3887,232,41,100,18,61,19,116,32,25,18,16,24,21,6,33,50,55,179,27,25,142,28
Endogenous,FAM46B,NM_052943.3,88,122,412,524,954,791,556,261,39,384,105,172,35,106,110,19,130,47,36,255,18,76,84,128,43,417,471
Endogenous,FAM49A,NM_030797.2,282,130,402,169,450,416,146,126,80,117,130,199,405,185,146,271,59,93,43,248,243,73,159,144,136,741,619
Endogenous,FAM83A.AS1,NR_024479.1,21,140,238,290,97,373,59,26,26,15,7,9,4,13,11,14,10,5,2,8,39,32,38,11,17,13,12
Endogenous,FAT1,NM_005245.3,1642,1503,5784,3921,2793,6771,4404,1125,5991,7674,807,3074,5961,2874,1915,2449,924,1023,206,2193,2832,2725,4313,6323,1538,3643,3141
Endogenous,FBN1,NM_000138.3,649,611,1690,745,7191,537,1374,1120,1084,2066,1165,1350,1253,1038,1115,2532,826,230,1019,4400,1590,1986,1388,1120,1134,717,794
Endogenous,FERMT1,NM_017671.4,12,49,167,963,538,150,730,31,168,739,59,83,532,119,50,213,56,582,53,257,132,246,865,279,129,296,535
Endogenous,FGFBP2,NM_031950.3,36,132,153,126,58,315,13,25,96,17267,10,68,22,314,42,13,61,10,20,23,36,38,202,17,10,19,17
Endogenous,FILIP1L,NM_014890.2,724,730,1335,631,1652,873,507,447,88,581,1048,1711,554,693,74,1448,462,164,255,2121,1050,919,497,153,673,415,1043
Endogenous,FKBP4,NM_002014.3,575,735,6151,1795,853,7191,8903,1011,2449,1295,377,2013,1362,2214,673,710,936,3299,617,435,946,462,2635,1291,308,3947,4607
Endogenous,FLRT2,NM_013231.4,426,289,510,275,239,239,135,163,1080,1238,274,85,377,69,220,385,67,23,186,532,613,785,374,536,311,91,126
Endogenous,FN1,NM_212482.1,2198,6028,26884,15466,19026,14104,6835,15653,6422,16399,7682,15865,15100,25650,26910,50503,10948,5259,3541,18341,19367,31586,12235,86219,24787,10148,15862
Endogenous,FOLR1,NM_000802.2,83,231,468,332,359,729,135,73,166,598,33,99,26,344,74,15,75,28,35,121,84,19,30,74,34,81,962
Endogenous,FOXM1,NM_202002.2,210,244,3170,1379,404,2557,3604,408,2082,507,57,1205,1127,2499,549,593,205,2048,210,170,661,285,1832,834,138,3251,3563
Endogenous,FOXQ1,NM_033260.3,11,137,86,193,281,157,11,130,327,66,27,161,55,87,224,20,18,8,20,104,33,89,722,13,24,122,7
Endogenous,GATM,NM_001482.2,582,278,482,401,1671,1581,80,386,88,155,354,353,241,101,116,84,193,138,119,399,257,112,551,362,323,473,167
Endogenous,GCHFR,NM_005258.2,113,114,230,228,173,448,60,155,126,153,156,108,28,103,53,69,231,87,65,183,37,43,83,23,42,280,137
Endogenous,GIPR,NM_000164.2,79,30,44,23,71,18,13,20,18,51,31,29,16,16,33,10,23,18,22,30,50,31,38,32,25,43,26
Endogenous,GLYATL2,NM_145016.3,6130,177,369,2964,1256,277,528,905,1064,105,115,263,17,85,232,26,3954,125,12,52,75,25,24,60,59,1765,1852
Endogenous,GPRC5C,NM_018653.3,198,32,82,46,293,376,245,47,253,141,140,120,161,22,27,37,319,28,24,117,461,77,210,130,71,177,43
Endogenous,GRHL3,NM_001195010.1,33,93,372,556,386,86,67,39,86,21,42,160,20,18,81,16,20,39,4,45,21,62,426,12,15,20,48
Endogenous,HAS2,NM_005328.2,136,175,244,225,454,279,219,122,670,1701,85,231,1242,251,2028,928,33,46,59,235,990,204,149,866,176,47,129
Endogenous,HBEGF,NM_001945.1,33,28,90,166,48,127,50,33,30,52,40,36,180,32,87,51,19,56,18,106,97,29,42,63,27,49,48
Endogenous,HERC6,NM_001165136.1,225,315,361,762,320,669,293,261,71,191,106,266,246,187,220,364,80,169,80,150,56,119,152,137,131,341,894
Endogenous,HMOX1,NM_002133.1,1161,489,1943,1027,1264,1364,645,1803,755,1890,2122,1740,1067,1290,3171,1201,762,682,2686,1913,622,949,604,1514,989,1831,1831
Endogenous,HR,NM_005144.4,118,170,679,433,527,568,176,63,113,182,27,133,103,247,202,22,68,71,23,357,102,92,527,171,26,105,156
Endogenous,HSP90AA1,NM_001017963.2,4743,2707,20076,22040,9538,34160,17619,8649,18280,7052,3034,28138,10064,5685,6250,7578,4991,12690,2361,3828,20292,4383,20405,11609,3221,26779,18634
Endogenous,HSP90AA4P,ENST00000378770.1,6,6,14,17,11,12,13,12,12,5,8,20,6,8,9,16,6,9,6,11,24,11,12,6,6,76,13
Endogenous,HSPA1A,NM_005345.5,843,873,6880,660,323,6502,2102,1084,3412,534,367,1134,959,448,1249,353,456,2387,1059,504,1212,445,960,743,405,141,2092
Endogenous,HSPA1B,NM_005346.3,1384,1173,14855,1606,1724,10041,9864,2379,6446,2081,824,3145,2053,1097,2040,1341,889,4415,2902,715,3186,841,3930,1402,486,1759,7207
Endogenous,HSPA4L,NM_014278.2,13,79,121,199,170,62,41,117,287,196,18,377,242,97,68,136,44,178,8,92,114,29,242,250,42,174,163
Endogenous,HSPA5,NM_005347.3,179,246,572,427,474,795,338,140,207,413,118,288,564,130,304,281,165,105,167,314,229,228,247,604,258,659,675
Endogenous,HSPA6,NM_002155.3,256,160,770,249,598,1729,275,231,121,173,154,141,355,337,263,401,149,302,165,298,309,212,166,156,529,77,381
Endogenous,HSPA7,NR_024151.1,240,185,323,133,255,499,133,176,62,127,114,22,150,197,86,224,151,146,165,189,133,136,56,62,370,18,119
Endogenous,HSPA8,NM_006597.3,9964,5287,26207,32789,12020,33878,25043,6345,18338,17234,5658,21833,20242,12189,11173,13594,5908,25958,3223,10950,15978,9951,8601,16732,5950,37401,39223
Endogenous,HSPB8,NM_014365.2,600,713,378,395,625,2019,199,187,593,271,139,653,29,167,69,370,226,44,200,710,489,478,269,22,330,179,137
Endogenous,HSPD1,NM_002156.4,1763,1313,6544,11388,2641,12332,12796,2108,8062,2499,894,5844,3713,3458,2330,2547,1773,4346,985,1038,3531,1288,3548,5749,917,8060,10572
Endogenous,HSPE1,NM_002157.2,45,147,55,92,38,59,42,39,28,22,18,31,15,14,12,11,13,11,17,30,19,15,25,16,10,59,44
Endogenous,HSPH1,NM_006644.2,834,565,3170,2860,634,4170,2468,576,3955,1385,380,1874,1558,725,693,1026,393,2073,282,565,1722,1096,1360,2191,631,2911,4989
Endogenous,HYAL1,NM_153282.1,58,123,543,239,544,323,74,115,61,97,58,58,42,40,91,84,26,15,21,71,126,139,326,53,50,159,56
Endogenous,ICAM1,NM_000201.2,691,332,549,326,1160,585,506,480,248,633,2559,281,2310,1431,1738,1207,608,1013,739,888,246,963,346,1507,681,416,1263
Endogenous,ID4,NM_001546.2,220,251,462,2236,825,612,7626,554,1493,3832,112,516,84,228,460,74,44,40,17,295,219,115,244,172,101,27858,90
Endogenous,IER2,NM_004907.2,193,164,308,532,130,410,371,141,191,280,67,150,222,67,59,87,49,103,85,107,132,63,128,171,93,558,322
Endogenous,IER3,NM_003897.3,839,568,2265,534,2018,2370,1848,906,4014,6074,512,2081,9475,2840,9944,1826,696,516,293,1929,504,2119,540,3454,829,6792,641
Endogenous,IER5,NM_016545.4,765,263,629,650,454,2042,771,267,233,369,360,335,753,243,274,567,244,149,337,376,285,279,479,394,210,397,453
Endogenous,IFI35,NM_005533.3,222,108,222,252,241,418,112,146,37,113,173,115,454,166,241,360,102,205,215,216,79,158,143,277,173,133,596
Endogenous,IFI6,NM_002038.3,511,1425,1173,2655,475,4470,764,2060,201,4227,860,1132,726,1138,4781,2433,683,921,967,762,161,1102,519,365,410,751,5245
Endogenous,IFIH1,NM_022168.2,409,149,407,578,279,463,738,290,47,176,157,158,204,333,258,279,126,411,114,114,72,79,141,164,85,168,879
Endogenous,IFIT1,NM_001548.4,259,543,774,1926,534,817,248,558,68,376,274,448,244,373,928,1124,188,285,111,220,99,190,267,119,175,562,3329
Endogenous,IFITM1,NM_003641.3,3424,1108,7441,2965,5614,1711,2411,1984,1055,2557,1524,2302,10746,3911,3560,3921,736,1548,1953,2014,1910,1361,1687,6209,952,1612,13897
Endogenous,IGF1R,NM_000875.4,148,1231,295,229,248,749,531,202,37,493,147,152,408,719,119,237,62,35,151,343,252,234,470,485,159,360,224
Endogenous,IGFBP3,NM_000598.4,850,817,1034,1291,1880,1224,570,399,1049,3837,4361,643,2519,2264,3091,562,493,629,828,3485,2777,1961,6617,2904,412,2825,1637
Endogenous,IGFBP5,NM_000599.3,4885,6920,1683,8117,8496,1888,2255,5344,14377,9736,1350,5730,1744,4022,1658,1792,1616,1631,1882,3376,4130,558,3474,3276,2069,4029,3978
Endogenous,IGFBP6,NM_002178.2,66,211,1128,345,579,538,62,121,58,244,163,168,829,106,65,687,71,42,296,495,1016,2617,178,2877,191,284,191
Endogenous,IGSF3,NM_001542.2,104,230,825,1442,811,1252,1142,386,551,552,193,646,1499,559,324,215,189,506,38,622,659,890,1779,973,119,2514,1114
Endogenous,IL18,NM_001562.2,225,170,278,503,828,205,53,150,21,52,86,109,95,91,33,102,95,105,206,197,49,97,98,55,82,152,127
Endogenous,IL1A,NM_000575.3,10,73,71,189,74,69,15,9,4,21,9,19,144,15,99,264,8,4,7,84,21,165,29,17,91,11,10
Endogenous,IL1B,NM_000576.2,128,125,326,308,105,360,42,51,47,71,67,59,454,125,3288,298,29,52,44,377,100,249,127,201,177,23,83
Endogenous,IL1RL1,NM_016232.4,27,83,127,132,125,103,28,57,19,77,158,59,37,25,48,105,14,13,29,68,89,112,70,31,55,18,25
Endogenous,IL6,NM_000600.3,33,65,77,74,228,44,58,62,43,61,61,62,813,74,1717,145,14,34,82,146,34,47,451,182,137,23,227
Endogenous,IL7R,NM_002185.2,2883,708,533,189,257,177,187,330,46,451,820,389,134,224,656,547,106,136,761,508,112,748,246,173,349,186,267
Endogenous,IL8,NM_000584.2,36,164,492,283,962,648,713,97,998,222,1024,999,3146,1071,79215,841,332,144,94,201,227,2527,710,1024,286,148,667
Endogenous,INHBA,NM_002192.2,117,560,252,337,194,147,695,659,459,1325,507,590,282,637,709,1456,594,797,105,2158,335,833,678,169,891,98,421
Endogenous,IRF1,NM_002198.1,810,160,259,259,399,326,803,163,86,161,273,217,1775,415,177,633,193,518,356,446,124,176,422,760,290,401,591
Endogenous,ISG20,NM_002201.4,1012,385,628,288,269,632,701,295,175,530,241,274,246,479,347,351,99,221,508,225,68,93,169,124,187,160,804
Endogenous,ITGB3,NM_000212.2,59,128,113,225,213,196,61,315,245,259,143,153,84,126,409,91,61,63,67,630,257,113,73,321,46,374,61
Endogenous,JUNB,NM_002229.2,1027,768,1265,426,825,928,1261,1255,407,2290,1002,443,1106,646,1159,851,743,598,929,1565,464,664,1167,792,773,330,703
Endogenous,KLF10,NM_005655.3,943,725,2338,1577,4193,2789,1200,1339,3173,2868,546,1592,3192,1445,2539,1332,630,858,302,2714,1678,1162,1554,2387,944,1282,1399
Endogenous,KLF2,NM_016270.2,8,4,7,14,10,14,10,9,4,3,6,7,5,7,13,8,1,5,6,8,23,13,8,12,3,9,5
Endogenous,KLHL24,NM_017644.3,938,938,2485,1105,1182,4188,4647,932,4081,1714,635,1208,969,749,913,587,375,1091,276,1214,561,673,1033,1544,528,14794,911
Endogenous,KLK6,NM_002774.3,17,594,8750,747,1687,1177,178,41,13,16,22,429,9,88,28,8,40,283,2,46,8,20,74,260,6,749,139
Endogenous,KRAS,NM_004985.3,1165,704,1370,785,945,2064,1460,594,1955,1031,356,762,553,691,552,443,581,1045,563,868,686,346,1300,619,360,1104,2137
Endogenous,KRT4,NM_002272.3,57,88,93,149,393,134,13,53,107,17,171,100,8,8,46,6,12,15,6,221,23,7,32,11,9,14,24
Endogenous,KRT81,NM_002281.3,3265,3464,14008,93,3503,500,7548,45,15,4660,59,568,175,1482,1618,21,28,655,32,215,54,17,19,80,19,197,646
Endogenous,LANCL1,NM_006055.1,403,206,637,904,1245,614,976,422,899,404,184,452,540,306,261,214,185,498,112,407,359,204,391,572,162,1512,391
Endogenous,LBH,NM_030915.3,383,124,300,139,288,125,99,85,413,98,91,153,152,103,66,99,57,37,237,109,171,68,273,103,68,155,115
Endogenous,LCE1F,NM_178354.2,32,191,273,799,2608,278,47,29,20,15,10,11,5,10,18,12,6,7,6,13,11,9,80,13,10,13,12
Endogenous,LCE3D,NM_032563.1,9,84,122,1393,927,197,9,18,20,11,13,11,7,7,9,6,7,10,6,10,33,82,61,14,6,16,12
Endogenous,LCE3E,NM_178435.2,10,82,95,434,345,129,11,11,2,5,5,4,9,3,8,5,8,5,1,11,6,27,14,12,5,13,10
Endogenous,LEP,NM_000230.2,18,45,89,153,32,103,7,40,8,27,14,7,3,6,3,9,5,5,35,15,11,22,9,6,9,27,10
Endogenous,LFNG,NM_001040168.1,518,62,103,87,226,74,102,83,64,91,68,91,368,77,105,261,93,52,130,185,115,160,161,292,170,69,92
Endogenous,LGALS9,NM_002308.3,737,388,615,556,342,1388,580,559,76,383,468,191,457,184,230,470,319,840,785,758,117,175,171,248,289,109,753
Endogenous,LIF,NM_002309.3,211,385,319,273,1235,299,393,544,515,344,234,209,1268,498,1046,427,178,124,41,428,134,224,115,429,202,252,284
Endogenous,LMOD1,NM_012134.2,86,226,508,383,381,351,78,148,43,142,193,226,158,103,115,205,98,37,124,251,139,86,72,41,167,58,117
Endogenous,LOC100130238,NR_024563.1,20,66,37,74,19,127,13,24,12,17,10,6,7,5,20,12,4,7,4,31,24,14,7,4,14,11,4
Endogenous,LOX,NM_002317.4,136,360,2146,641,3791,809,1422,911,1743,3494,621,1109,1470,1044,3662,2827,454,238,837,3000,1137,3026,944,3951,643,992,941
Endogenous,LRP1,NM_002332.2,692,1047,4610,1689,8283,1948,1341,1642,2364,3056,1655,1445,2171,1203,2705,2615,772,491,1068,3631,3367,2495,3556,2226,1570,1258,1682
Endogenous,LY6D,NM_003695.2,1,44,73,301,3200,3158,6,6,17,17,17,176,11,113,7,10,71,197,4,580,6,156,788,4,8,10,50
Endogenous,MAL,NM_002371.2,305,112,102,178,87,152,9,30,7,39,20,41,35,10,9,8,13,7,78,32,8,14,21,17,24,21,15
Endogenous,MAOB,NM_000898.4,43,49,68,12,242,33,628,116,194,132,63,172,70,1017,226,92,7,484,32,85,16,29,26,208,101,23,51
Endogenous,MAP3K12,NM_006301.2,189,92,322,189,275,186,174,69,178,344,88,100,188,49,88,130,45,52,43,195,231,98,209,246,112,564,96
Endogenous,MCAM,NM_006500.2,152,200,753,1149,593,579,211,194,244,509,160,411,237,488,525,209,84,167,245,310,712,168,81,384,68,1347,664
Endogenous,METTL7A,NM_014033.3,1207,302,1897,981,1474,1339,314,497,348,443,350,763,285,233,79,382,164,92,425,302,343,144,444,109,301,4992,440
Endogenous,MGC16121,NR_024607.1,59,74,95,117,102,39,28,150,1011,703,48,56,36,108,211,147,28,49,8,104,156,311,31,63,63,59,75
Endogenous,MGP,NM_000900.2,5752,9877,44418,53405,6118,34747,15453,21569,15822,46140,7615,9168,923,31765,356,3138,5973,66741,2359,3961,11109,902,794,10938,5363,20964,2635
Endogenous,MMP3,NM_002422.3,8,151,595,509,184,53,15,99,16,330,102,175,29,261,1155,67,40,54,38,397,54,2005,210,17,65,1,103
Endogenous,MMP9,NM_004994.2,4358,1119,180,528,494,322,332,6235,1182,7376,3766,1660,166,1829,14395,400,131,124,1905,471,43111,2161,685,1863,247,2490,1566
Endogenous,MT1F,NM_005949.3,160,205,467,389,292,295,333,119,182,130,54,290,313,393,316,125,75,57,316,238,20,78,80,117,157,387,798
Endogenous,MT1X,NM_005952.3,213,574,1289,727,3728,1215,833,761,1697,1226,317,1850,1054,957,1051,601,582,230,1750,1050,352,1311,1420,2859,409,482,1812
Endogenous,MT2A,NM_005953.3,372,676,3249,514,4572,2888,912,1128,1207,1931,661,1379,7110,1422,4370,2833,967,540,1789,1994,314,2639,447,5575,1352,1480,3828
Endogenous,MX2,NM_002463.1,669,756,503,760,359,838,172,390,60,326,232,178,431,433,613,540,118,155,428,285,147,233,194,122,191,1176,1930
Endogenous,MXD1,NM_002357.2,353,262,744,619,631,1069,8548,300,741,782,442,574,878,381,1481,352,218,250,455,430,281,247,1215,405,179,1052,679
Endogenous,MXRA5,NM_015419.3,296,928,1694,1381,3766,208,1043,1923,1017,2043,1841,2197,2242,1270,2974,3821,843,403,714,6680,3109,2038,1801,2862,1748,460,1254
Endogenous,MYBL2,NM_002466.2,816,141,1805,3216,262,2971,1068,380,3301,526,68,801,716,279,671,207,179,2446,455,174,383,257,1254,758,120,951,4509
Endogenous,MYLK,NM_053032.2,1053,1198,1842,2324,2541,1911,736,2146,1244,1220,1597,3211,6883,4295,1746,1134,947,669,583,7385,3526,952,780,9373,2886,4656,898
Endogenous,NACAD,NM_001146334.1,37,109,159,194,149,265,35,48,23,94,37,60,78,78,94,69,31,16,9,54,61,88,89,86,56,249,107
Endogenous,NAP1L3,NM_004538.4,59,81,128,101,139,163,28,42,136,82,38,46,13,36,40,46,21,13,18,96,178,35,54,17,50,51,20
Endogenous,NEFM,NM_005382.2,11,78,109,152,47,197,18,18,5,35,13,10,805,10,13,2936,15,5,10,100,30,14,16,222,352,11,9
Endogenous,NFKB2,NM_001077493.1,2021,588,667,435,805,821,2700,477,209,509,465,480,841,899,637,632,274,1235,502,585,318,471,492,482,411,549,836
Endogenous,NID2,NM_007361.3,280,362,984,576,1732,406,266,844,587,881,648,670,436,400,959,789,221,195,382,1929,5280,903,424,459,275,547,507
Endogenous,NKD2,NM_033120.2,109,880,335,195,261,75,31,163,1966,273,83,99,32,75,376,87,57,107,69,322,241,586,658,26,183,69,134
Endogenous,NOV,NM_002514.2,45,184,1609,983,225,297,807,68,572,261,46,124,28,39,85,34,27,26,70,45,217,92,213,94,48,26,59
Endogenous,NPTX1,NM_002522.3,43,94,97,275,92,380,28,18,28,60,15,78,44,46,25,61,15,11,9,16,32,50,219,135,26,56,32
Endogenous,NR4A1,NM_173157.1,152,298,893,224,145,313,631,257,365,2162,974,239,205,342,158,120,115,132,290,485,72,54,229,269,106,656,119
Endogenous,OAS3,NM_006187.2,447,385,444,711,341,1290,636,340,140,286,266,325,692,637,582,730,241,481,313,345,138,291,355,291,251,651,2127
Endogenous,OXTR,NM_000916.3,41,100,114,165,27,113,12,31,34,17,12,34,19,32,41,36,13,166,14,22,39,38,40,26,25,62,22
Endogenous,PAEP,XM_005263406.2,7,23,46,62,50,37,8,23,25,17,15,20,36,26,78,12,13,21,6,52,70,31,34,21,26,8,51
Endogenous,PAPL,NM_001004318.2,7,29,72,105,52,46,14,10,16,12,15,26,11,8,18,9,5,13,4,15,18,11,40,16,7,33,9
Endogenous,PBX1,NM_002585.2,1016,773,3773,3426,984,8679,2995,746,3037,1179,635,1935,404,535,358,303,635,1346,95,541,838,261,1188,730,260,5172,3520
Endogenous,PCOLCE,NM_002593.3,1381,1386,4500,1795,6624,1316,757,2069,1841,3902,2343,2287,578,1355,7810,3921,996,273,1616,5851,17439,3275,1621,1839,2048,645,1409
Endogenous,PDGFB,NM_033016.2,170,257,587,306,304,432,134,114,176,194,78,125,73,233,147,48,55,124,92,134,117,53,66,48,49,148,111
Endogenous,PDGFRA,NM_006206.3,707,623,1955,508,3265,572,353,1000,2991,2638,842,945,116,807,1479,941,384,305,1196,1636,2295,1263,438,1356,596,341,548
Endogenous,PDIA4,NM_004911.4,1580,1122,3231,5966,1527,17031,972,2367,2193,3141,908,1561,2843,3208,2169,2366,646,3738,2228,1772,3535,1929,1362,3321,1307,2865,4250
Endogenous,PDK2,NM_002611.3,415,565,1108,305,593,1092,518,290,402,375,297,322,392,215,317,213,147,390,228,372,344,343,190,352,253,1583,194
Endogenous,PDPN,NM_006474.4,165,229,594,157,1899,407,193,608,337,247,645,657,3799,725,1588,2375,308,348,973,1650,1152,2366,308,1452,1457,66,415
Endogenous,PHLDB1,NM_001144758.1,659,585,1759,1289,1755,698,737,1062,1827,2965,570,1198,2358,652,1010,1492,593,562,350,1837,848,1076,464,2202,812,2158,1895
Endogenous,PI3,NM_002638.3,55,62,126,1683,126,145,209,62,21,182,924,219,26,127,379,11,1348,16,44,89,10,4756,2582,30,10,7,786
Endogenous,PIK3C2B,NM_002646.3,556,199,637,643,746,1217,319,211,150,325,274,378,112,130,108,121,127,206,157,196,170,93,395,85,125,583,409
Endogenous,PKMYT1,NM_004203.3,128,63,1212,721,124,1302,918,232,479,315,16,380,284,195,168,111,157,614,124,72,97,81,311,296,50,231,531
Endogenous,PLAT,NM_000931.2,398,1513,2214,919,617,2216,972,1609,333,1414,1127,1790,6037,1102,762,2200,1179,655,273,3584,2338,1320,2177,26218,1127,907,793
Endogenous,PMAIP1,NM_021127.2,294,322,692,786,307,317,1188,279,726,448,315,565,796,414,601,537,71,1016,287,308,302,613,604,471,129,837,817
Endogenous,PMP22,NM_000304.3,221,439,3152,2184,4367,625,643,435,454,3934,497,897,880,960,681,813,234,180,430,797,680,505,548,2237,408,1744,459
Endogenous,PNMA2,NM_007257.5,9,76,196,108,41,65,101,27,91,36,15,24,9,37,221,32,15,14,66,38,70,23,54,30,26,53,24
Endogenous,PPL,NM_002705.4,204,250,1012,1319,2869,1779,1872,327,344,261,203,143,12,497,223,62,313,271,34,257,41,66,2228,460,202,476,1413
Endogenous,PPP1R3C,NM_005398.4,37,62,137,127,486,86,39,43,25,713,47,71,16,114,79,40,44,19,15,60,107,98,141,98,26,430,48
Endogenous,PRR9,NM_001195571.1,25,79,101,186,165,135,32,15,16,10,12,13,6,14,10,10,8,11,6,9,15,13,17,10,11,7,8
Endogenous,PRSS22,NM_022119.3,260,212,963,837,691,1928,433,117,132,149,549,145,11,91,131,19,127,194,16,117,32,43,448,13,31,422,131
Endogenous,PSG5,NM_002781.3,7,5,20,22,36,36,8,18,12,9,26,7,10,21,25,18,12,6,2,221,22,19,17,13,25,8,8
Endogenous,PSRC1,NM_001032290.1,87,156,841,874,195,1463,263,67,329,410,29,357,176,206,206,114,51,214,101,63,148,92,144,253,30,751,700
Endogenous,PTGIS,NM_000961.3,78,307,1611,163,986,531,166,461,573,834,126,209,62,124,369,197,46,242,611,144,268,176,125,60,144,45,121
Endogenous,PTHLH,NM_198965.1,18,83,75,88,56,98,85,43,93,53,59,119,698,94,52,401,246,14,25,856,747,2384,2147,1269,103,28,43
Endogenous,PTPRC,NM_080923.2,1814,264,430,361,374,271,140,179,39,211,228,150,594,187,151,381,112,138,668,327,114,152,135,192,343,242,247
Endogenous,PTX3,NM_002852.3,91,241,443,268,1249,747,756,111,859,332,57,408,633,280,1454,1074,18,18,90,98,604,324,24,445,216,4034,271
Endogenous,RAB31,NM_006868.3,804,1397,3506,2258,2626,1821,1102,1752,938,2461,1540,1674,1706,2020,2147,2355,1435,554,1569,5028,1361,1931,1545,1456,1251,1368,2226
Endogenous,RAB40B,NM_006822.2,237,300,1316,1563,405,3007,1326,220,574,262,114,567,262,220,195,121,177,726,37,348,184,187,431,596,145,1519,1002
Endogenous,RAF1,NM_002880.3,1201,812,2331,2092,1543,2984,3615,1117,5538,1707,571,1397,1316,1215,1924,792,508,2301,698,1158,1100,580,1004,1367,662,4685,1457
Endogenous,RASD2,NM_014310.3,244,278,522,229,184,1558,225,249,36,86,88,224,170,422,71,45,42,375,32,82,49,70,84,32,20,138,45
Endogenous,REL,NM_002908.3,834,281,716,1316,1072,624,5911,486,639,465,391,400,657,586,265,403,269,188,92,591,289,332,794,396,325,2039,745
Endogenous,RFC3,NM_002915.3,237,182,784,1184,506,928,784,196,1768,479,64,679,446,248,194,185,98,649,94,133,142,109,448,753,111,1504,2813
Endogenous,RIMS3,NM_014747.2,162,82,312,448,200,466,449,62,135,31,20,66,69,84,74,45,46,120,42,107,33,21,49,30,24,306,131
Endogenous,RND1,NM_014470.2,82,18,24,22,47,12,50,23,3,43,26,28,23,27,30,18,122,39,9,28,16,6,16,12,15,18,31
Endogenous,ROR1,NM_001083592.1,39,57,341,173,289,144,149,125,172,174,73,120,84,93,150,109,36,295,43,148,405,88,89,162,79,287,191
Endogenous,ROR2,NM_004560.2,48,251,397,159,315,130,349,270,230,263,285,206,259,122,522,402,103,89,102,675,349,448,167,626,243,440,168
Endogenous,RRM2,NM_001034.1,571,387,1642,1923,770,3411,1812,516,1220,680,111,1917,2303,438,973,1032,644,1448,527,391,591,374,1653,1886,305,4178,1497
Endogenous,S100A7,NM_002963.3,160,9,16,15283,948,64,8,16,5,47,356,10396,10,57,436,6,9998,149,26,3471,7,731,856,11,4,2,2748
Endogenous,SALL2,NM_005407.1,74,80,137,118,40,173,57,45,249,48,30,123,20,40,50,27,11,39,26,52,177,56,124,105,48,364,145
Endogenous,SAMD11,NM_152486.2,64,101,64,26,36,33,27,36,102,163,29,49,15,18,10,12,152,11,16,19,79,26,52,15,26,150,93
Endogenous,SAMHD1,NM_015474.2,3405,1057,2733,1993,2228,1838,1322,1131,252,1022,1177,1009,2764,1010,905,2625,660,870,1295,1837,1002,768,756,1260,1571,1041,5880
Endogenous,SDPR,NM_004657.5,41,131,164,202,197,464,16,16,9,39,87,52,31,12,12,32,7,4,25,40,128,36,33,36,46,32,46
Endogenous,SELENBP1,NM_003944.2,784,404,2200,1227,1223,10296,749,483,1328,1158,760,430,29,304,285,171,747,201,241,224,870,164,309,48,100,713,835
Endogenous,SERPINB1,NM_030666.2,1058,448,777,590,1216,1150,451,353,578,534,880,567,1352,566,719,544,313,416,746,888,263,349,682,633,413,551,882
Endogenous,SH3BGR,NM_007341.2,17,89,71,130,47,179,151,49,92,39,18,53,21,63,34,33,23,23,5,42,37,15,28,23,17,207,55
Endogenous,SH3BP2,NM_003023.4,1059,647,1457,1374,1807,4230,1025,481,1509,2209,483,632,740,595,727,408,449,611,545,1045,717,357,659,1421,426,434,1618
Endogenous,SHROOM2,NM_001649.2,56,94,142,192,158,192,79,50,341,104,31,196,80,151,268,72,27,33,20,148,128,98,172,329,74,226,200
Endogenous,SLC26A2,NM_000112.3,348,563,460,2663,438,2645,1610,274,325,4901,232,402,939,1159,268,251,163,236,256,630,281,280,315,677,238,1486,177
Endogenous,SLC34A2,NM_006424.2,264,115,512,1377,2024,390,1826,479,151,13,49,417,4,398,1052,11,34,519,15,73,9,1,10,4,39,72,172
Endogenous,SLC38A3,NM_006841.4,12,101,697,163,37,68,148,24,44,44,11,29,27,68,24,11,23,139,7,42,89,14,15,107,16,41,142
Endogenous,SLC47A2,NM_152908.3,13,70,81,132,244,83,22,21,11,25,4,15,28,9,14,1,9,7,4,57,16,44,719,26,6,9,12
Endogenous,SLC7A8,NM_001267036.1,95,150,335,261,331,985,36,217,99,222,193,151,233,92,408,284,81,61,176,439,1249,696,905,150,151,167,129
Endogenous,SNN,NM_003498.4,1713,311,794,1100,792,1919,1545,339,902,787,391,1081,1083,635,552,552,446,659,535,853,685,355,1021,1725,347,749,1058
Endogenous,SOX10,NM_006941.3,8,711,1267,166,61,2073,14,599,9,1060,30,337,6,329,108,18,17,10,4,38,20,9,11,8,41,1293,324
Endogenous,SPARC,NM_003118.3,5969,9675,43689,16975,55002,14497,16697,23587,10871,33066,26148,27610,27504,16439,63872,51100,11049,6408,7004,70534,58690,34939,16901,58971,27740,15454,17303
Endogenous,SPINK6,NM_205841.3,16,71,91,170,247,97,11,13,140,10,6,26,4,6,112,15,5,4,2,15,21,137,8,10,7,10,6
Endogenous,SPON1,NM_006108.2,155,563,2305,426,3646,266,258,843,646,826,853,715,111,366,214,1170,226,83,282,1319,300,869,683,236,435,218,625
Endogenous,SPP1,NM_000582.2,823,725,5922,5475,1308,47912,3974,8499,3370,3365,4588,5900,2496,7452,10684,1023,1358,8523,1936,10782,2071,3982,13274,5930,462,2398,8796
Endogenous,SPRR1A,NM_005987.2,23,147,294,927,930,507,6,19,10,12,15,137,9,7,9,10,43,14,3,77,21,113,6027,13,13,9,4
Endogenous,SPRR2A,NM_005988.2,25,277,363,2856,897,512,20,26,5,31,14,317,13,13,9,12,21,3,4,18,10,116,4576,21,18,13,13
Endogenous,SPRR2D,NM_006945.4,7,65,85,995,97,116,9,16,2,13,14,142,9,13,7,4,21,2,4,23,8,111,1290,11,4,4,7
Endogenous,STAT1,NM_139266.1,5070,1914,2253,3993,3337,3449,5481,2368,750,1660,1752,2336,10342,5071,1898,6273,1621,4867,3412,2584,708,1091,2589,3304,2164,5188,7601
Endogenous,STC1,NM_003155.2,33,82,165,169,90,381,250,63,70,58,55,91,430,157,737,86,83,63,43,40,206,220,134,270,59,140,444
Endogenous,STEAP4,NM_024636.2,467,304,2438,492,6071,236,56,165,50,211,986,332,97,187,135,271,237,52,164,146,44,148,152,49,192,154,1253
Endogenous,STON1,NM_001198595.1,107,288,676,243,580,479,1404,439,878,959,178,220,221,281,127,159,135,87,51,578,211,364,253,165,219,1898,267
Endogenous,SULF1,NM_001128204.1,475,1565,2377,1626,1235,732,1178,1965,353,1538,989,2182,1946,2271,1768,4692,1370,829,738,4486,1505,1930,1810,994,2129,549,1686
Endogenous,SYNGR1,NM_145731.3,508,344,983,477,687,1767,259,504,1017,836,83,474,156,359,373,73,141,127,46,182,193,80,177,80,83,793,486
Endogenous,TAGLN3,NM_001008273.1,18,76,177,157,61,294,17,19,10,17,10,35,13,13,14,6,7,12,4,18,32,66,33,14,7,106,14
Endogenous,TAP1,NM_000593.5,765,202,344,285,479,298,878,370,70,183,262,442,2192,728,346,745,258,944,679,347,192,317,260,687,284,379,1117
Endogenous,TCF7,NM_201633.2,1680,232,167,68,148,57,797,158,239,140,93,100,318,90,99,95,22,104,140,163,96,178,91,288,151,150,303
Endogenous,TCN1,NM_001062.3,14,53,54,219,57,40,617,9,10,11,105,15,187,16,7,28,140,7,5,41,28,58,396,13,5,21,22
Endogenous,TF,NM_001063.2,31,20,125,11,27,3216,161,22,85,446,30,46,5,1280,22,19,9,92,44,38,24,17,24,273,13,1293,47
Endogenous,TFCP2L1,NM_014553.2,29,243,1465,679,749,864,997,316,202,419,33,1328,209,487,532,16,74,199,5,140,23,12,106,875,27,356,318
Endogenous,TFPI2,NM_006528.3,138,22,259,41,41,83,362,18,290,52,175,21,18,94,16,1608,20,271,169,27,107,151,43,20,27,35,184
Endogenous,THBS2,NM_003247.3,488,745,2439,2144,7766,430,1273,1780,745,1580,2429,3352,286,2682,4765,3351,1269,283,370,3469,3040,3089,2190,234,2254,2422,2299
Endogenous,THY1,NM_006288.2,843,906,1808,1295,4919,713,814,1618,367,2018,1447,1751,1384,1289,202,2752,975,273,804,5370,4975,2420,1233,3802,2401,1093,1277
Endogenous,TIMP3,NM_000362.4,1348,3267,16314,6250,6284,4338,3715,6183,10965,8932,2495,4087,7106,10847,356,6317,4272,2382,2239,8461,3665,4107,7665,12863,2670,46257,3859
Endogenous,TK1,NM_003258.1,148,79,374,748,171,417,103,97,202,60,23,132,188,186,80,89,57,243,59,48,112,40,147,163,27,213,271
Endogenous,TLR2,NM_003264.3,160,180,642,354,347,699,101,118,97,385,222,258,686,270,368,471,174,147,86,554,257,304,152,352,382,212,268
Endogenous,TMCC2,NM_014858.2,63,319,294,400,103,417,66,168,176,31,23,196,50,65,55,22,8,20,22,87,44,73,125,72,26,128,30
Endogenous,TMEM121,NM_025268.2,42,45,81,67,64,365,106,62,127,87,24,98,57,98,27,41,18,13,14,45,110,21,126,95,9,309,29
Endogenous,TNFAIP2,NM_006291.2,1736,959,1218,674,3231,925,5581,1195,766,1607,5012,1094,2026,1467,736,1055,1247,3321,586,2357,699,876,2904,798,1109,577,2044
Endogenous,TNFAIP3,NM_006290.2,2012,659,1048,375,617,1233,3146,588,366,689,1076,825,1705,439,1517,1133,317,1067,596,1364,573,2042,589,481,1191,672,984
Endogenous,TNFRSF10B,NM_003842.3,246,121,370,174,393,445,867,110,224,235,189,128,776,239,454,251,111,329,148,247,292,261,155,330,203,163,602
Endogenous,TNFRSF10D,NM_003840.3,189,78,110,137,156,222,24,76,18,54,25,51,172,93,393,53,18,73,55,74,168,126,24,186,36,55,94
Endogenous,TNFRSF11B,NM_002546.2,43,88,130,148,88,170,4150,28,167,4066,22,35,11,83,28,25,53,33,41,35,48,52,62,42,27,49,59
Endogenous,TYMP,NM_001953.3,1516,1199,2176,1487,1353,2807,2030,1433,341,1159,1020,659,3774,1525,2013,1647,1479,1817,1794,2411,421,864,1401,1566,1066,420,1768
Endogenous,UBB,NM_018955.2,7723,2445,17234,13406,12425,13829,13443,6144,346,3981,4076,27423,9176,4605,6357,7928,4072,8337,4855,5158,1265,3839,7631,8513,2535,16579,16460
Endogenous,UBC,NM_021009.6,32,81,69,57,44,139,117,31,63,56,22,25,43,23,44,33,20,32,25,17,48,83,70,48,19,42,61
Endogenous,ULBP1,NM_025218.2,6,140,121,251,113,139,32,22,94,59,11,30,65,36,34,5,31,38,2,19,14,13,12,12,12,240,37
Endogenous,UPP1,NM_003364.2,248,217,488,435,764,621,574,193,918,374,196,225,783,447,457,304,123,225,210,428,330,574,429,1041,133,370,303
Endogenous,USP18,NM_017414.3,431,330,602,663,175,884,402,281,207,158,114,280,181,300,361,297,148,179,266,114,108,97,161,73,85,413,1409
Endogenous,USP2,NM_001243759.1,46,28,102,265,169,120,82,45,112,88,45,88,19,104,83,11,18,53,25,76,63,49,43,35,16,56,60
Endogenous,VIM,NM_003380.2,18998,10064,41684,43283,36093,17191,48435,20661,27535,56869,14331,24131,72208,20847,32625,25474,7014,17646,21395,24945,27338,27449,10769,93332,10815,24573,13648
Endogenous,VIPR1,NM_004624.3,100,29,217,82,268,106,102,33,130,106,23,107,34,74,12,28,40,14,12,69,33,180,79,22,43,4452,77
Endogenous,VWA1,NM_199121.2,90,147,272,230,167,867,145,47,80,211,54,183,24,30,79,25,51,125,13,53,41,17,85,40,17,480,115
Endogenous,XAF1,NM_199139.2,1580,1486,1133,825,360,1896,932,700,373,401,452,383,1031,494,757,902,464,708,1274,753,573,567,450,320,599,178,1621
Endogenous,ZFAND2A,NM_182491.2,240,188,381,301,266,542,591,108,244,301,79,337,398,127,272,191,162,152,134,124,88,103,234,153,74,772,782
Endogenous,ZFP36,NM_003407.2,6448,2819,13272,3361,5251,4836,2872,5370,1294,9098,9620,3261,4504,2332,6317,4236,2002,1683,2873,9123,4506,3707,5150,3922,3440,2603,3318
Endogenous,ZNF165,NM_003447.3,94,143,557,1016,139,646,393,80,155,96,28,332,45,78,86,17,87,326,13,37,31,20,60,35,19,363,287
Endogenous,ZNF362,NM_152493.2,141,128,194,189,204,822,473,113,582,270,102,211,180,96,124,95,77,123,25,208,142,105,164,173,98,288,274
Endogenous,ZSCAN12P1,NR_024063.2,52,161,296,886,125,411,104,37,45,78,25,189,36,24,48,8,49,250,16,32,16,30,30,48,15,107,153
Housekeeping,AGK,NM_018238.3,195,155,533,939,464,679,180,362,286,351,112,296,222,141,180,254,100,227,53,171,184,112,200,214,78,1663,441
Housekeeping,DDX50,NM_024045.1,733,444,894,724,623,1266,747,367,874,557,216,933,567,437,340,423,195,694,288,382,373,274,544,636,206,1897,859
Housekeeping,DHX16,NM_001164239.1,663,249,885,356,381,1175,639,332,1196,680,216,582,512,249,320,226,182,297,246,349,271,189,283,288,179,659,611
Housekeeping,ERCC3,NM_000122.1,562,398,635,464,320,838,670,259,578,522,164,377,181,243,270,198,234,402,283,332,206,127,301,264,165,615,491
Housekeeping,MTMR14,NM_022485.3,698,294,869,590,605,764,789,290,1187,484,276,340,605,294,411,321,202,434,225,483,277,204,250,446,253,934,486
Housekeeping,NUBP1,NM_002484.3,547,356,765,687,573,911,1177,283,405,565,248,443,559,367,253,356,193,426,364,417,382,245,324,598,282,696,666
Housekeeping,SAP130,NM_024545.3,480,191,556,823,522,826,956,302,703,476,177,505,286,324,333,243,262,490,84,335,271,182,376,355,151,1038,996
Housekeeping,SF3A3,NM_006802.2,1152,997,1502,1441,1398,2526,10182,988,1994,1540,563,1654,1110,581,1127,728,612,1432,678,1375,562,711,726,1360,824,2194,2287
Housekeeping,USP39,NM_001256725.1,191,63,365,655,467,331,778,77,138,153,96,544,213,215,164,158,88,160,47,100,161,79,291,190,73,1452,554
Negative,NEG_A,ERCC_00096.1,6,8,6,7,11,11,13,8,9,3,5,9,8,5,6,7,6,6,3,3,6,9,10,8,1,6,6
Negative,NEG_B,ERCC_00041.1,6,1,11,17,6,8,20,11,10,17,6,9,10,5,9,13,7,8,7,13,17,12,13,17,8,12,10
Negative,NEG_C,ERCC_00019.1,6,8,2,6,7,3,5,5,6,6,9,1,1,1,5,6,5,6,7,7,4,5,8,8,4,6,4
Negative,NEG_D,ERCC_00076.1,4,6,10,7,7,14,11,8,5,4,7,9,11,5,4,6,7,7,1,8,16,9,10,9,7,17,3
Negative,NEG_E,ERCC_00098.1,8,9,7,11,14,16,11,17,8,10,8,5,9,7,8,9,6,5,13,5,8,12,9,9,2,8,11
Negative,NEG_F,ERCC_00126.1,31,22,12,28,11,9,29,15,11,17,10,7,5,9,15,7,13,8,9,6,14,13,15,7,16,19,11
Negative,NEG_G,ERCC_00144.1,6,1,1,3,4,3,3,7,3,3,6,2,7,5,4,3,5,4,2,3,19,21,31,4,2,4,3
Negative,NEG_H,ERCC_00154.1,8,4,1,6,11,2,5,5,10,10,7,9,2,2,8,10,8,4,2,7,18,14,27,9,3,5,6
Positive,POS_A,ERCC_00117.1,20021,21768,11566,14314,13774,17546,14357,19763,12285,10428,14801,12036,11459,11246,10292,11555,15825,13000,14624,11744,10720,13239,14038,14477,15832,13268,15687
Positive,POS_B,ERCC_00112.1,5862,5208,2912,4024,3905,4694,3874,5519,3609,2856,4157,3609,3359,3500,2878,3397,4589,3772,3897,3054,3274,3892,4151,4255,4979,4258,4614
Positive,POS_C,ERCC_00002.1,1639,1484,839,1152,1062,1224,1085,1517,1036,857,1195,1000,961,992,834,1020,1425,1133,1128,921,1006,1174,1188,1129,1359,1108,1174
Positive,POS_D,ERCC_00092.1,449,419,238,301,285,361,275,411,272,217,294,270,258,251,222,285,342,281,280,238,291,301,314,334,356,281,325
Positive,POS_E,ERCC_00035.1,99,99,62,66,83,82,76,112,69,58,59,55,50,50,46,50,97,61,63,53,38,59,77,63,77,60,68
Positive,POS_F,ERCC_00034.1,56,72,34,47,39,38,57,58,25,25,51,29,29,35,30,31,47,37,41,38,37,48,39,45,44,42,46
